{
  "INTC": 1.148155277150223,
  "TRV": 1.2232995580033061,
  "XOM": 0.6675914937598304,
  "AAPL": 1.4656402311959964,
  "GE": 1.1441509141013062,
  "JNJ": 0.6998783257894777,
  "NKE": 0.4275651668694781,
  "V": 1.0835800755804135,
  "AXP": 1.183715366960374,
  "VZ": 0.5838592195684209,
  "IBM": 0.9336529890324488,
  "JPM": 1.2739221807922412,
  "UNH": 0.6152683918552923,
  "MRK": 0.9933514710203994,
  "PFE": 1.10431819845175,
  "DIS": 1.8814558824611634,
  "HD": 1.115317409317048,
  "MSFT": 1.4321007949086948,
  "GS": 1.4544388977610185,
  "CSCO": 1.4485915304623553,
  "WMT": 0.046891954750091135,
  "MCD": 0.7994407513405851,
  "UTX": 1.0912881748634546,
  "DD": 1.8814558824611634,
  "BA": 1.218139554297479,
  "PG": 0.5661423302001418,
  "KO": 0.6887859279201486,
  "CVX": 1.255948026092773,
  "MMM": 0.9644621516197409,
  "CAT": 1.6983126557966355
}
