{
  "GS": 0.15810296647926433,
  "BA": 0.2369053405106908,
  "HD": 0.24997445556358952,
  "JNJ": 0.1715742657158632,
  "PFE": 0.11476310621777837,
  "MMM": 0.20472149488050914,
  "PG": 0.11476310621777837,
  "MSFT": 0.2307990127143993,
  "V": 0.11476310621777837,
  "KO": 0.05998932341243151,
  "CVX": 0.04334021491080766,
  "IBM": -0.01567731895861278,
  "WMT": 0.11476310621777837,
  "MCD": 0.11092287773234717,
  "CAT": 0.050079927651933163,
  "UNH": 0.11476310621777837,
  "AAPL": 0.1580602463563308,
  "DD": 0.160780577009047,
  "UTX": 0.11476310621777837,
  "INTC": 0.16490723646354746,
  "NKE": 0.24196078775232335,
  "DIS": 0.21605348883495837,
  "GE": 0.13183402387102766,
  "JPM": 0.1973558098466752,
  "CSCO": 0.17360208367525168,
  "MRK": 0.13159576302128476,
  "TRV": 0.11476310621777837,
  "AXP": 0.08402467690846453,
  "XOM": 0.11476310621777837,
  "VZ": 0.11476310621777837
}
